DATE,TMAX,TMIN
20130101,34.0,26.0
20130102,29.5,15.0
20130103,34.5,12.0
20130104,36.5,23.0
20130105,41.0,19.0
20130106,40.0,28.0
20130107,39.5,19.0
20130108,50.0,20.0
20130109,53.5,26.5
20130110,45.0,24.0
20130111,62.0,41.0
20130112,65.5,43.0
20130113,67.0,36.0
20130114,35.0,24.0
20130115,32.0,22.0
20130116,36.0,26.0
20130117,44.0,28.0
20130118,42.0,19.0
20130119,54.0,34.0
20130120,48.0,28.0
20130121,28.0,13.5
20130122,20.0,7.0
20130123,22.0,10.0
20130124,24.0,14.0
20130125,26.0,18.0
20130126,32.5,18.0
20130127,37.5,17.0
20130128,52.0,34.0
20130129,64.0,47.0
20130130,68.0,34.0
20130131,34.0,19.0
20130201,19.0,7.0
20130202,30.5,11.5
20130203,29.0,16.0
20130204,35.0,13.0
20130205,37.0,22.5
20130206,37.0,26.5
20130207,59.0,29.0
20130208,53.5,31.5
20130209,41.0,21.0
20130210,56.0,25.0
20130211,53.0,33.0
20130212,50.0,28.0
20130213,37.0,23.0
20130214,53.0,27.0
20130215,43.0,26.0
20130216,31.5,17.5
20130217,31.5,13.0
20130218,59.0,18.5
20130219,47.0,25.0
20130220,30.5,19.0
20130221,32.0,20.0
20130222,43.0,27.0
20130223,44.0,30.0
20130224,43.0,25.0
20130225,45.5,20.5
20130226,47.0,34.0
20130227,43.0,34.0
20130228,38.0,33.0
20130301,37.0,31.0
20130302,30.5,26.5
20130303,32.0,21.0
20130304,42.0,16.0
20130305,40.0,30.0
20130306,34.0,29.0
20130307,37.5,29.0
20130308,44.0,24.5
20130309,57.0,25.0
20130310,68.0,43.0
20130311,55.0,38.0
20130312,46.0,33.0
20130313,36.0,26.0
20130314,44.0,21.0
20130315,53.0,26.0
20130316,59.0,37.0
20130317,38.0,34.0
20130318,50.0,34.0
20130319,46.0,29.0
20130320,40.0,24.0
20130321,34.0,20.0
20130322,45.0,18.0
20130323,52.0,28.0
20130324,40.0,32.0
20130325,35.0,30.0
20130326,41.5,31.5
20130327,45.0,28.0
20130328,50.5,24.5
20130329,56.0,25.0
20130330,60.5,29.0
20130331,59.5,41.0
20130401,49.0,34.0
20130402,47.5,23.0
20130403,49.0,23.0
20130404,55.0,30.0
20130405,62.0,29.0
20130406,68.0,34.0
20130407,73.5,54.5
20130408,73.0,52.0
20130409,80.5,48.0
20130410,83.0,60.0
20130411,71.0,58.0
20130412,59.0,40.0
20130413,59.0,37.0
20130414,70.5,35.5
20130415,69.0,51.0
20130416,80.0,55.0
20130417,79.0,57.0
20130418,81.0,60.0
20130419,76.0,40.0
20130420,51.0,35.5
20130421,56.0,32.5
20130422,69.0,33.0
20130423,71.0,40.0
20130424,67.0,36.0
20130425,60.0,32.0
20130426,62.0,31.0
20130427,64.0,38.0
20130428,67.5,51.5
20130429,65.0,50.0
20130430,77.0,46.0
20130501,83.0,49.0
20130502,76.0,58.0
20130503,77.0,58.0
20130504,73.5,57.0
20130505,60.0,53.0
20130506,63.0,53.0
20130507,72.0,56.0
20130508,77.5,52.0
20130509,80.5,53.0
20130510,70.0,57.0
20130511,61.5,44.5
20130512,58.0,37.5
20130513,62.0,37.0
20130514,80.0,41.0
20130515,86.0,60.0
20130516,78.0,62.0
20130517,80.0,58.0
20130518,79.0,63.0
20130519,83.0,61.5
20130520,84.5,63.5
20130521,86.0,64.5
20130522,80.0,62.0
20130523,71.0,53.0
20130524,66.5,46.5
20130525,66.0,43.0
20130526,71.0,51.0
20130527,83.0,55.0
20130528,82.5,63.0
20130529,85.0,66.5
20130530,87.5,67.0
20130531,84.5,69.0
20130601,81.0,66.5
20130602,79.0,64.5
20130603,72.0,52.0
20130604,76.0,50.0
20130605,82.0,52.0
20130606,76.0,57.0
20130607,76.0,60.0
20130608,75.0,57.0
20130609,81.0,60.0
20130610,79.0,64.0
20130611,85.0,63.0
20130612,90.0,66.0
20130613,83.0,64.0
20130614,81.0,56.0
20130615,83.0,56.0
20130616,78.0,64.0
20130617,87.0,63.0
20130618,86.0,66.0
20130619,83.0,56.0
20130620,85.0,56.0
20130621,87.0,58.0
20130622,88.0,65.0
20130623,88.0,64.0
20130624,86.0,63.0
20130625,90.0,66.5
20130626,87.0,67.0
20130627,86.0,67.0
20130628,86.0,65.0
20130629,77.5,61.0
20130630,78.5,64.0
20130701,79.0,63.0
20130702,81.0,65.0
20130703,81.0,66.0
20130704,72.5,67.0
20130705,77.5,66.0
20130706,76.5,67.0
20130707,82.5,65.0
20130708,87.0,66.0
20130709,89.0,74.0
20130710,90.0,70.0
20130711,83.0,66.0
20130712,81.5,58.5
20130713,84.0,65.5
20130714,89.5,66.5
20130715,91.0,70.0
20130716,93.0,71.0
20130717,93.0,73.0
20130718,93.5,72.5
20130719,91.0,74.0
20130720,90.0,71.0
20130721,88.0,68.0
20130722,82.0,69.0
20130723,88.0,68.0
20130724,79.0,59.0
20130725,78.0,55.0
20130726,80.0,56.0
20130727,77.0,62.0
20130728,74.5,53.5
20130729,79.0,54.0
20130730,80.0,56.0
20130731,77.5,65.0
20130801,82.0,64.0
20130802,84.0,57.0
20130803,82.0,65.0
20130804,79.5,58.5
20130805,80.0,54.0
20130806,82.0,58.0
20130807,84.0,67.0
20130808,85.0,70.0
20130809,83.0,69.0
20130810,85.0,68.0
20130811,87.0,67.5
20130812,86.0,63.0
20130813,81.0,60.0
20130814,72.0,51.0
20130815,75.0,49.5
20130816,79.0,52.0
20130817,83.0,54.5
20130818,83.5,58.0
20130819,85.0,61.0
20130820,87.0,60.5
20130821,87.0,64.0
20130822,88.0,66.5
20130823,86.0,65.0
20130824,87.0,59.0
20130825,87.0,59.5
20130826,89.0,61.0
20130827,90.0,69.0
20130828,95.0,74.0
20130829,87.0,69.0
20130830,89.0,66.0
20130831,91.0,69.0
20130901,86.0,68.0
20130902,86.0,69.0
20130903,76.0,58.0
20130904,80.0,54.0
20130905,85.0,57.0
20130906,82.0,52.5
20130907,85.5,55.0
20130908,88.5,63.0
20130909,90.0,66.5
20130910,92.0,72.0
20130911,92.0,69.0
20130912,82.0,67.0
20130913,67.0,53.5
20130914,71.0,43.0
20130915,78.0,44.0
20130916,73.5,54.5
20130917,77.0,50.0
20130918,77.5,54.5
20130919,81.0,61.5
20130920,86.0,64.0
20130921,75.0,55.5
20130922,69.5,47.0
20130923,70.0,45.0
20130924,75.0,44.0
20130925,74.5,47.5
20130926,78.0,47.0
20130927,80.0,48.0
20130928,80.0,50.0
20130929,69.0,53.0
20130930,73.0,57.5
20131001,77.5,55.5
20131002,79.0,56.5
20131003,79.5,63.0
20131004,82.5,61.5
20131005,81.0,64.0
20131006,74.0,52.0
20131007,62.0,45.0
20131008,68.0,41.0
20131009,73.0,43.0
20131010,74.0,41.0
20131011,78.0,44.0
20131012,78.5,48.0
20131013,75.5,51.0
20131014,72.0,44.0
20131015,74.0,48.0
20131016,70.0,47.5
20131017,56.5,42.0
20131018,64.0,39.5
20131019,51.5,36.5
20131020,61.0,36.0
20131021,66.0,36.0
20131022,55.0,33.0
20131023,48.0,35.0
20131024,45.0,35.0
20131025,49.0,28.5
20131026,54.0,28.0
20131027,58.0,31.0
20131028,62.0,30.0
20131029,57.5,31.0
20131030,63.0,49.0
20131031,65.0,55.0
20131101,64.5,49.0
20131102,58.0,42.0
20131103,56.0,36.0
20131104,58.0,34.0
20131105,61.5,43.5
20131106,65.5,44.5
20131107,50.0,37.0
20131108,51.0,29.0
20131109,61.0,32.0
20131110,52.0,29.0
20131111,56.0,26.0
20131112,37.5,24.5
20131113,40.0,20.0
20131114,53.5,23.0
20131115,54.0,30.0
20131116,61.0,45.0
20131117,65.0,49.0
20131118,54.0,34.0
20131119,42.0,27.0
20131120,50.0,27.0
20131121,55.0,35.5
20131122,55.0,38.5
20131123,40.0,23.0
20131124,29.0,15.0
20131125,38.5,15.5
20131126,36.0,31.0
20131127,34.0,21.5
20131128,34.0,17.0
20131129,41.0,17.0
20131130,51.0,20.0
20131201,53.0,27.0
20131202,52.0,34.5
20131203,52.0,30.0
20131204,63.0,37.0
20131205,65.0,34.0
20131206,34.0,27.0
20131207,27.0,16.0
20131208,32.0,19.0
20131209,33.0,20.0
20131210,29.0,16.0
20131211,34.5,9.0
20131212,26.0,7.0
20131213,37.0,10.0
20131214,38.5,30.0
20131215,33.0,27.5
20131216,31.0,25.0
20131217,34.0,28.0
20131218,38.0,24.0
20131219,53.5,28.0
20131220,60.0,49.0
20131221,67.5,57.5
20131222,62.5,40.0
20131223,39.0,26.0
20131224,27.0,14.0
20131225,33.0,17.0
20131226,40.0,25.5
20131227,48.0,26.0
20131228,53.0,30.0
20131229,46.0,33.0
20131230,32.5,21.5
20131231,33.5,22.5
20140101,47.5,21.5
20140102,36.0,11.0
20140103,18.0,1.0
20140104,38.0,4.0
20140105,42.5,23.0
20140106,25.5,-6.5
20140107,10.0,-7.0
20140108,25.0,2.0
20140109,35.5,15.0
20140110,50.0,24.0
20140111,52.5,35.0
20140112,46.0,33.0
20140113,50.0,31.5
20140114,51.0,29.5
20140115,40.0,20.5
20140116,30.5,17.0
20140117,32.0,13.0
20140118,28.5,12.0
20140119,33.5,19.5
20140120,42.0,31.0
20140121,32.5,-1.0
20140122,16.0,-6.5
20140123,17.0,-2.5
20140124,16.5,-5.5
20140125,34.0,10.0
20140126,44.0,9.0
20140127,42.0,1.0
20140128,11.0,-9.0
20140129,12.0,-7.0
20140130,25.0,3.0
20140131,38.0,20.0
20140201,56.0,33.0
20140202,48.0,28.0
20140203,33.5,21.0
20140204,32.5,20.0
20140205,31.5,23.0
20140206,25.0,11.5
20140207,22.5,0.0
20140208,26.0,10.0
20140209,28.0,18.0
20140210,22.5,3.5
20140211,21.5,-1.5
20140212,28.0,-1.5
20140213,40.5,5.0
20140214,37.5,17.0
20140215,29.0,15.0
20140216,30.0,17.0
20140217,38.0,9.0
20140218,46.0,22.0
20140219,51.0,33.0
20140220,59.5,30.5
20140221,51.5,32.0
20140222,60.0,32.0
20140223,40.0,25.0
20140224,36.0,19.0
20140225,33.5,21.5
20140226,26.5,11.5
20140227,26.0,11.5
20140228,38.0,10.0
20140301,53.0,24.0
20140302,40.0,17.0
20140303,20.5,9.5
20140304,34.0,7.5
20140305,38.0,14.5
20140306,46.0,21.0
20140307,59.5,21.0
20140308,58.0,27.0
20140309,49.0,30.0
20140310,62.5,31.5
20140311,74.0,42.5
20140312,61.0,23.0
20140313,38.0,17.0
20140314,63.0,30.0
20140315,60.0,37.0
20140316,42.0,27.0
20140317,39.5,23.0
20140318,56.0,24.0
20140319,55.0,34.5
20140320,54.5,34.0
20140321,69.0,33.0
20140322,58.0,38.0
20140323,40.0,26.0
20140324,40.5,20.5
20140325,39.0,22.5
20140326,41.0,17.0
20140327,58.5,27.5
20140328,59.5,38.5
20140329,45.0,36.0
20140330,55.0,29.0
20140331,66.0,28.0
20140401,76.0,45.0
20140402,61.0,45.5
20140403,63.5,51.5
20140404,63.5,42.0
20140405,53.0,36.0
20140406,59.0,30.0
20140407,57.0,43.0
20140408,60.0,43.0
20140409,62.0,40.0
20140410,74.0,37.5
20140411,74.0,45.0
20140412,78.0,40.0
20140413,81.0,62.0
20140414,73.0,38.0
20140415,41.5,28.5
20140416,50.5,24.0
20140417,67.0,30.0
20140418,70.5,38.5
20140419,69.0,42.0
20140420,76.0,41.0
20140421,77.0,43.0
20140422,69.5,44.5
20140423,61.5,37.5
20140424,66.0,45.0
20140425,66.0,47.5
20140426,80.0,46.0
20140427,76.0,47.0
20140428,70.5,49.5
20140429,76.5,54.0
20140430,72.5,52.5
20140501,61.5,45.0
20140502,59.0,44.0
20140503,68.0,45.0
20140504,74.0,48.0
20140505,71.0,47.0
20140506,75.0,48.0
20140507,83.0,49.0
20140508,85.0,58.0
20140509,76.5,62.5
20140510,72.0,58.0
20140511,83.0,55.0
20140512,85.0,62.5
20140513,87.0,63.0
20140514,76.0,60.0
20140515,66.5,42.0
20140516,56.5,39.0
20140517,58.0,40.0
20140518,65.0,37.0
20140519,70.5,39.5
20140520,78.5,51.0
20140521,82.5,59.0
20140522,81.0,62.0
20140523,76.0,52.0
20140524,78.0,49.0
20140525,81.0,54.0
20140526,86.0,55.0
20140527,87.0,65.0
20140528,86.0,65.5
20140529,85.5,65.5
20140530,84.5,60.0
20140531,84.0,57.0
20140601,88.0,57.0
20140602,82.0,68.5
20140603,85.0,68.0
20140604,82.0,63.0
20140605,78.0,57.0
20140606,80.0,53.0
20140607,81.0,54.0
20140608,75.0,59.0
20140609,73.5,56.5
20140610,77.5,59.5
20140611,77.0,63.0
20140612,77.5,62.0
20140613,77.0,59.5
20140614,77.0,47.0
20140615,86.0,52.0
20140616,88.0,66.0
20140617,89.5,68.0
20140618,91.0,69.0
20140619,90.0,69.5
20140620,88.0,68.0
20140621,85.0,67.0
20140622,87.0,65.5
20140623,90.0,67.0
20140624,88.0,69.0
20140625,86.5,67.5
20140626,86.5,65.0
20140627,88.0,65.0
20140628,86.0,69.0
20140629,84.0,70.0
20140630,86.5,67.0
20140701,89.0,69.0
20140702,86.0,66.0
20140703,75.0,57.5
20140704,79.0,50.0
20140705,82.0,53.0
20140706,83.0,58.0
20140707,86.5,68.0
20140708,84.0,69.0
20140709,84.0,62.0
20140710,84.0,60.5
20140711,86.0,58.5
20140712,86.0,61.0
20140713,91.0,72.0
20140714,84.0,66.5
20140715,75.5,57.0
20140716,75.0,52.5
20140717,77.0,52.5
20140718,76.5,53.5
20140719,75.0,63.0
20140720,82.0,62.0
20140721,87.0,61.5
20140722,91.0,65.0
20140723,87.0,68.0
20140724,78.0,58.0
20140725,79.0,53.0
20140726,85.0,63.0
20140727,83.0,67.0
20140728,76.5,56.0
20140729,74.0,50.5
20140730,80.0,55.5
20140731,83.0,58.5
20140801,85.0,59.5
20140802,83.0,60.0
20140803,86.0,58.5
20140804,88.0,59.0
20140805,86.0,59.0
20140806,83.5,63.0
20140807,82.0,61.0
20140808,78.0,63.0
20140809,81.5,64.5
20140810,85.0,70.0
20140811,85.0,69.0
20140812,77.5,64.0
20140813,80.5,59.0
20140814,82.5,58.0
20140815,80.5,51.5
20140816,79.0,50.0
20140817,80.0,67.0
20140818,84.5,67.5
20140819,88.5,65.5
20140820,87.5,64.5
20140821,84.0,66.5
20140822,87.0,70.0
20140823,91.0,69.0
20140824,90.0,71.0
20140825,90.0,68.5
20140826,91.0,69.0
20140827,92.0,68.5
20140828,85.5,67.0
20140829,89.0,66.0
20140830,88.0,67.0
20140831,83.0,70.0
20140901,87.0,69.0
20140902,80.5,64.5
20140903,85.0,64.0
20140904,88.5,63.5
20140905,90.5,67.0
20140906,82.0,61.0
20140907,77.0,55.0
20140908,82.0,51.5
20140909,84.0,55.0
20140910,83.0,60.5
20140911,77.0,57.5
20140912,66.0,56.0
20140913,67.0,47.0
20140914,71.0,44.0
20140915,71.0,45.5
20140916,62.5,49.5
20140917,68.0,46.5
20140918,73.5,46.5
20140919,76.5,47.5
20140920,82.0,51.0
20140921,78.0,55.0
20140922,67.0,44.0
20140923,73.0,40.5
20140924,78.5,43.5
20140925,80.5,45.0
20140926,82.0,48.5
20140927,82.0,51.0
20140928,83.0,52.0
20140929,84.0,52.5
20140930,79.5,48.0
20141001,76.0,43.5
20141002,86.5,50.5
20141003,75.5,46.0
20141004,52.0,42.0
20141005,62.0,40.0
20141006,63.0,40.5
20141007,62.0,44.5
20141008,70.0,45.5
20141009,59.0,43.0
20141010,57.0,50.0
20141011,61.0,42.0
20141012,65.0,42.0
20141013,77.5,58.0
20141014,73.5,51.5
20141015,61.0,52.0
20141016,62.5,51.5
20141017,72.0,50.0
20141018,58.0,47.0
20141019,58.0,41.0
20141020,64.5,42.0
20141021,56.5,45.0
20141022,55.0,42.5
20141023,61.0,37.0
20141024,66.5,38.0
20141025,74.0,40.0
20141026,71.0,39.0
20141027,80.5,40.5
20141028,72.5,49.0
20141029,60.0,41.0
20141030,55.5,35.5
20141031,48.0,36.5
20141101,42.0,25.0
20141102,49.0,22.0
20141103,64.0,26.0
20141104,67.0,41.0
20141105,58.0,45.0
20141106,54.0,42.0
20141107,47.5,33.5
20141108,57.0,31.0
20141109,54.0,31.0
20141110,64.0,32.0
20141111,67.0,38.0
20141112,39.5,32.0
20141113,33.0,24.0
20141114,35.0,18.0
20141115,37.0,14.0
20141116,39.0,30.0
20141117,34.0,15.0
20141118,22.0,12.0
20141119,41.0,11.0
20141120,33.0,17.0
20141121,34.0,12.0
20141122,61.0,19.0
20141123,60.0,43.0
20141124,62.0,38.5
20141125,44.5,31.0
20141126,40.0,25.0
20141127,35.0,26.0
20141128,35.0,25.0
20141129,58.0,32.0
20141130,67.0,56.0
20141201,58.5,30.5
20141202,38.0,30.0
20141203,41.0,26.5
20141204,38.0,25.0
20141205,45.5,35.0
20141206,49.0,35.0
20141207,43.0,28.0
20141208,48.0,31.0
20141209,44.0,36.5
20141210,38.0,31.0
20141211,40.5,26.0
20141212,43.5,23.0
20141213,45.0,36.0
20141214,47.0,35.0
20141215,49.5,35.5
20141216,50.0,36.5
20141217,36.5,27.5
20141218,30.0,24.5
20141219,31.0,23.0
20141220,32.0,24.0
20141221,37.0,20.0
20141222,51.0,24.0
20141223,54.5,42.5
20141224,56.5,39.0
20141225,41.0,29.0
20141226,53.0,24.0
20141227,52.0,33.0
20141228,47.0,32.0
20141229,36.0,25.5
20141230,34.5,22.5
20141231,28.0,13.0
20150101,38.0,19.0
20150102,38.5,24.0
20150103,61.0,35.0
20150104,60.0,24.0
20150105,23.0,12.5
20150106,24.5,15.0
20150107,18.5,1.5
20150108,23.5,-3.0
20150109,25.0,5.0
20150110,25.0,1.0
20150111,38.0,16.0
20150112,37.0,25.5
20150113,28.0,20.0
20150114,27.5,15.5
20150115,39.5,19.5
20150116,41.0,22.0
20150117,53.0,24.0
20150118,50.0,34.0
20150119,50.0,24.0
20150120,53.0,29.0
20150121,51.0,34.0
20150122,36.5,31.5
20150123,38.0,31.0
20150124,43.0,25.0
20150125,41.0,26.0
20150126,29.5,17.5
20150127,29.0,17.0
20150128,36.0,11.0
20150129,48.5,29.5
20150130,35.0,19.0
20150131,38.0,14.0
20150201,45.0,31.0
20150202,41.5,17.5
20150203,35.5,17.0
20150204,44.5,22.5
20150205,25.5,11.0
20150206,33.5,9.0
20150207,57.0,22.0
20150208,59.0,33.0
20150209,50.0,26.0
20150210,33.5,22.5
20150211,45.0,22.5
20150212,32.5,19.5
20150213,30.0,11.5
20150214,35.0,10.0
20150215,20.0,6.0
20150216,13.0,4.0
20150217,23.0,-7.0
20150218,19.0,3.0
20150219,9.0,-9.5
20150220,21.0,-12.0
20150221,34.0,20.0
20150222,33.0,17.0
20150223,22.0,0.0
20150224,27.0,-10.0
20150225,35.5,13.0
20150226,27.0,10.5
20150227,23.0,4.5
20150228,28.0,5.0
20150301,34.0,22.0
20150302,33.0,19.5
20150303,47.5,25.0
20150304,41.0,23.0
20150305,25.0,7.0
20150306,27.0,1.0
20150307,48.0,21.0
20150308,53.0,26.0
20150309,56.0,28.0
20150310,50.0,39.0
20150311,64.0,41.0
20150312,60.0,32.0
20150313,53.0,40.0
20150314,62.0,41.0
20150315,64.0,33.0
20150316,76.0,46.0
20150317,62.5,34.0
20150318,48.5,27.0
20150319,52.5,38.5
20150320,49.0,40.0
20150321,67.0,39.0
20150322,52.0,35.0
20150323,48.0,29.5
20150324,48.0,31.0
20150325,68.0,42.0
20150326,52.5,38.5
20150327,39.0,27.0
20150328,38.0,18.0
20150329,52.0,19.0
20150330,59.5,33.0
20150331,66.5,35.0
20150401,67.0,30.0
20150402,66.5,39.5
20150403,66.0,45.0
20150404,55.0,32.0
20150405,64.0,31.0
20150406,69.0,38.0
20150407,67.5,51.5
20150408,70.5,53.0
20150409,76.0,56.5
20150410,73.0,51.0
20150411,62.0,37.0
20150412,74.0,38.0
20150413,79.0,48.0
20150414,64.0,48.0
20150415,64.0,48.0
20150416,74.0,55.0
20150417,75.0,54.0
20150418,78.0,47.0
20150419,67.0,58.0
20150420,63.5,48.0
20150421,64.0,41.5
20150422,55.0,39.0
20150423,57.0,31.5
20150424,61.0,30.0
20150425,55.0,42.0
20150426,60.0,40.0
20150427,63.0,34.0
20150428,64.0,35.0
20150429,69.0,38.0
20150430,63.0,44.0
20150501,73.0,44.0
20150502,76.0,45.0
20150503,77.0,46.0
20150504,80.0,51.5
20150505,83.5,55.5
20150506,86.0,54.0
20150507,87.0,56.0
20150508,87.5,57.0
20150509,87.0,62.0
20150510,85.0,64.0
20150511,87.0,63.0
20150512,71.0,51.0
20150513,69.0,42.0
20150514,70.0,45.0
20150515,84.0,53.0
20150516,78.0,63.0
20150517,82.0,66.0
20150518,77.0,63.0
20150519,70.0,51.0
20150520,62.0,43.0
20150521,60.0,42.0
20150522,76.0,43.0
20150523,80.0,46.0
20150524,84.0,51.0
20150525,79.0,61.0
20150526,86.0,64.0
20150527,84.0,64.0
20150528,82.0,62.0
20150529,83.0,65.0
20150530,85.0,67.0
20150531,74.0,57.0
20150601,59.0,53.0
20150602,62.0,52.0
20150603,73.0,50.0
20150604,83.0,54.0
20150605,86.0,55.0
20150606,78.0,62.0
20150607,88.0,58.0
20150608,79.0,60.0
20150609,82.5,58.0
20150610,90.0,58.0
20150611,92.5,63.0
20150612,91.0,67.5
20150613,89.0,69.0
20150614,91.0,73.0
20150615,90.0,71.0
20150616,86.0,72.0
20150617,84.0,71.0
20150618,88.5,69.5
20150619,77.0,66.0
20150620,81.0,69.0
20150621,87.0,67.0
20150622,86.5,67.0
20150623,88.5,66.0
20150624,83.5,60.5
20150625,84.0,62.5
20150626,81.5,66.5
20150627,70.0,62.0
20150628,79.0,56.0
20150629,79.0,61.0
20150630,79.0,61.0
20150701,79.0,59.0
20150702,78.5,65.5
20150703,76.0,65.5
20150704,81.5,63.5
20150705,79.5,62.5
20150706,84.5,60.5
20150707,83.0,68.0
20150708,73.5,66.5
20150709,81.0,66.0
20150710,75.0,63.5
20150711,82.5,60.5
20150712,85.5,67.5
20150713,81.0,66.0
20150714,89.5,68.0
20150715,82.5,64.5
20150716,83.0,60.0
20150717,89.5,66.5
20150718,92.0,68.0
20150719,90.0,70.0
20150720,89.0,70.0
20150721,86.0,67.0
20150722,81.0,57.0
20150723,84.0,58.0
20150724,87.0,62.0
20150725,87.0,60.0
20150726,87.0,66.0
20150727,88.0,71.0
20150728,92.0,70.0
20150729,92.0,70.0
20150730,86.0,65.0
20150731,87.0,62.0
20150801,85.0,61.0
20150802,87.0,60.0
20150803,87.0,63.0
20150804,85.0,63.0
20150805,85.0,62.0
20150806,74.0,64.0
20150807,83.0,61.0
20150808,83.0,60.0
20150809,83.0,64.0
20150810,87.0,68.0
20150811,83.0,65.0
20150812,80.0,60.0
20150813,82.0,58.0
20150814,85.0,59.0
20150815,85.0,63.0
20150816,89.0,63.0
20150817,86.0,66.0
20150818,85.0,66.0
20150819,85.0,67.0
20150820,78.0,58.0
20150821,80.0,55.0
20150822,81.0,54.0
20150823,86.0,59.0
20150824,77.0,57.0
20150825,72.0,53.0
20150826,74.0,56.0
20150827,78.0,56.0
20150828,81.0,53.0
20150829,87.0,59.0
20150830,86.0,66.0
20150831,87.0,64.0
20150901,89.0,65.0
20150902,90.0,65.0
20150903,92.0,66.0
20150904,93.0,66.0
20150905,91.0,64.0
20150906,91.0,65.0
20150907,92.0,65.0
20150908,91.0,66.0
20150909,78.0,67.0
20150910,84.0,60.0
20150911,82.0,57.0
20150912,67.0,53.0
20150913,70.0,50.0
20150914,75.0,46.0
20150915,81.0,49.0
20150916,82.0,52.0
20150917,83.0,54.0
20150918,84.0,55.0
20150919,77.0,56.0
20150920,74.0,50.0
20150921,77.0,48.0
20150922,82.0,48.0
20150923,83.0,51.0
20150924,84.0,53.0
20150925,78.0,55.0
20150926,71.0,62.0
20150927,80.0,61.0
20150928,85.0,60.0
20150929,72.0,63.0
20150930,68.0,58.0
20151001,63.0,53.0
20151002,59.0,48.0
20151003,53.0,46.0
20151004,77.0,52.0
20151005,79.0,52.0
20151006,79.0,54.0
20151007,80.0,54.0
20151008,80.0,54.0
20151009,75.0,55.0
20151010,68.0,44.0
20151011,72.0,41.0
20151012,79.0,45.0
20151013,66.0,48.0
20151014,67.0,40.0
20151015,70.0,38.0
20151016,64.0,40.0
20151017,56.0,31.0
20151018,59.0,28.0
20151019,66.0,30.0
20151020,71.0,38.0
20151021,74.0,40.0
20151022,80.0,49.0
20151023,76.0,53.0
20151024,72.0,58.0
20151025,62.0,45.0
20151026,65.0,41.0
20151027,56.0,48.0
20151028,67.0,53.0
20151029,57.0,40.0
20151030,51.0,43.0
20151031,58.0,42.0
20151101,66.0,46.0
20151102,70.0,41.0
20151103,75.0,39.0
20151104,76.0,47.0
20151105,75.0,53.0
20151106,70.0,51.0
20151107,56.0,38.0
20151108,56.0,31.0
20151109,55.0,30.0
20151110,52.0,35.0
20151111,61.0,33.0
20151112,60.0,46.0
20151113,53.0,37.0
20151114,55.0,26.0
20151115,65.0,29.0
20151116,60.0,31.0
20151117,62.0,47.0
20151118,66.0,56.0
20151119,59.0,39.0
20151120,52.0,28.0
20151121,51.0,32.0
20151122,37.0,21.0
20151123,47.0,20.0
20151124,54.0,27.0
20151125,60.0,29.0
20151126,66.0,41.0
20151127,64.0,48.0
20151128,57.0,41.0
20151129,45.0,40.0
20151130,47.0,38.0
20151201,55.0,38.0
20151202,49.0,34.0
20151203,42.0,26.0
20151204,38.0,24.0
20151205,44.0,27.0
20151206,54.0,26.0
20151207,51.0,37.0
20151208,56.0,36.0
20151209,55.0,34.0
20151210,56.0,33.0
20151211,63.0,51.0
20151212,70.0,57.0
20151213,64.0,54.0
20151214,66.0,47.0
20151215,48.0,37.0
20151216,62.0,34.0
20151217,58.0,32.0
20151218,37.0,29.0
20151219,37.0,23.0
20151220,48.0,22.0
20151221,56.0,42.0
20151222,61.0,44.0
20151223,66.0,51.0
20151224,60.0,42.0
20151225,54.0,45.0
20151226,60.0,45.0
20151227,68.0,40.0
20151228,57.0,37.0
20151229,55.0,38.0
20151230,42.0,36.0
20151231,36.0,31.0
20160101,39.0,27.0
20160102,42.0,26.0
20160103,37.0,26.0
20160104,36.0,23.0
20160105,33.0,16.0
20160106,43.0,16.0
20160107,50.0,19.0
20160108,51.0,32.0
20160109,53.0,38.0
20160110,49.0,13.0
20160111,31.0,9.0
20160112,33.0,7.0
20160113,29.0,6.0
20160114,54.0,19.0
20160115,50.0,34.0
20160116,36.0,30.0
20160117,30.0,9.0
20160118,15.0,5.0
20160119,21.0,7.0
20160120,22.0,16.0
20160121,28.0,15.0
20160122,29.0,20.0
20160123,31.0,14.0
20160124,37.0,10.0
20160125,49.0,23.0
20160126,50.0,30.0
20160127,32.0,20.0
20160128,48.0,21.0
20160129,40.0,26.0
20160130,64.0,28.0
20160131,64.0,41.0
20160201,60.0,31.0
20160202,61.0,29.0
20160203,60.0,36.0
20160204,36.0,22.0
20160205,43.0,19.0
20160206,47.0,20.0
20160207,54.0,23.0
20160208,47.0,24.0
20160209,25.0,16.0
20160210,21.0,11.0
20160211,25.0,11.0
20160212,29.0,11.0
20160213,21.0,9.0
20160214,21.0,11.0
20160215,36.0,21.0
20160216,38.0,25.0
20160217,37.0,26.0
20160218,44.0,28.0
20160219,66.0,39.0
20160220,72.0,45.0
20160221,60.0,40.0
20160222,50.0,31.0
20160223,56.0,30.0
20160224,58.0,34.0
20160225,39.0,32.0
20160226,37.0,31.0
20160227,52.0,28.0
20160228,66.0,38.0
20160229,60.0,38.0
20160301,56.0,30.0
20160302,38.0,25.0
20160303,36.0,27.0
20160304,37.0,29.0
20160305,41.0,28.0
20160306,52.0,36.0
20160307,64.0,38.0
20160308,74.0,46.0
20160309,73.0,53.0
20160310,63.0,52.0
20160311,58.0,45.0
20160312,65.0,46.0
20160313,63.0,54.0
20160314,70.0,51.0
20160315,74.0,54.0
20160316,71.0,52.0
20160317,63.0,37.0
20160318,60.0,32.0
20160319,47.0,36.0
20160320,46.0,27.0
20160321,52.0,29.0
20160322,65.0,33.0
20160323,62.0,51.0
20160324,70.0,49.0
20160325,50.0,34.0
20160326,63.0,31.0
20160327,76.0,36.0
20160328,52.0,43.0
20160329,58.0,35.0
20160330,72.0,35.0
20160331,70.0,53.0
20160401,63.0,46.0
20160402,54.0,33.0
20160403,59.0,26.0
20160404,61.0,34.0
20160405,46.0,31.0
20160406,66.0,36.0
20160407,48.0,37.0
20160408,45.0,30.0
20160409,42.0,29.0
20160410,60.0,28.0
20160411,61.0,41.0
20160412,54.0,33.0
20160413,60.0,34.0
20160414,67.0,35.0
20160415,76.0,38.0
20160416,78.0,44.0
20160417,81.0,45.0
20160418,83.0,47.0
20160419,83.0,49.0
20160420,82.0,52.0
20160421,72.0,55.0
20160422,67.0,54.0
20160423,67.0,47.0
20160424,76.0,42.0
20160425,80.0,49.0
20160426,82.0,59.0
20160427,65.0,50.0
20160428,77.0,56.0
20160429,69.0,55.0
20160430,62.0,53.0
20160501,80.0,59.0
20160502,67.0,56.0
20160503,60.0,50.0
20160504,60.0,45.0
20160505,59.0,41.0
20160506,71.0,43.0
20160507,76.0,46.0
20160508,61.0,43.0
20160509,61.0,52.0
20160510,75.0,56.0
20160511,81.0,58.0
20160512,78.0,59.0
20160513,69.0,52.0
20160514,57.0,46.0
20160515,60.0,38.0
20160516,63.0,32.0
20160517,57.0,49.0
20160518,69.0,49.0
20160519,71.0,43.0
20160520,70.0,48.0
20160521,66.0,52.0
20160522,79.0,47.0
20160523,77.0,47.0
20160524,82.0,49.0
20160525,82.0,56.0
20160526,81.0,63.0
20160527,85.0,61.0
20160528,86.0,66.0
20160529,86.0,64.0
20160530,88.0,62.0
20160531,87.0,62.0
20160601,87.0,62.0
20160602,80.0,64.0
20160603,85.0,64.0
20160604,81.0,66.0
20160605,82.0,64.0
20160606,84.0,61.0
20160607,75.0,53.0
20160608,75.0,50.0
20160609,82.0,48.0
20160610,83.0,58.0
20160611,90.0,62.5
20160612,92.0,67.0
20160613,87.0,54.0
20160614,88.0,61.0
20160615,87.0,65.0
20160616,88.0,64.0
20160617,86.0,65.0
20160618,86.0,60.0
20160619,88.0,60.0
20160620,90.0,68.0
20160621,88.0,64.0
20160622,79.0,61.0
20160623,90.0,68.0
20160624,86.0,65.0
20160625,90.0,61.0
20160626,92.0,66.0
20160627,91.0,71.0
20160628,85.0,62.0
20160629,79.0,56.0
20160630,82.0,54.0
20160701,84.0,60.0
20160702,80.0,54.0
20160703,69.0,62.0
20160704,76.0,63.0
20160705,86.0,67.0
20160706,86.0,67.0
20160707,84.0,69.0
20160708,83.0,69.0
20160709,83.0,64.0
20160710,85.0,61.0
20160711,88.0,62.0
20160712,88.0,66.0
20160713,91.0,69.0
20160714,89.0,67.0
20160715,88.0,68.0
20160716,84.0,64.0
20160717,88.0,61.0
20160718,87.0,68.0
20160719,90.0,67.0
20160720,91.0,67.0
20160721,91.0,67.0
20160722,90.0,72.0
20160723,93.0,70.0
20160724,94.0,72.0
20160725,94.0,76.0
20160726,88.0,72.0
20160727,89.0,72.0
20160728,84.0,72.0
20160729,87.0,69.0
20160730,88.0,69.0
20160731,87.0,68.0
20160801,87.0,67.0
20160802,90.0,69.0
20160803,89.0,68.0
20160804,91.0,70.0
20160805,90.0,70.0
20160806,89.0,66.0
20160807,88.0,63.0
20160808,88.0,65.0
20160809,89.0,68.0
20160810,89.0,73.0
20160811,91.0,75.0
20160812,92.0,73.0
20160813,87.0,74.0
20160814,85.0,72.0
20160815,85.0,70.0
20160816,83.0,72.0
20160817,83.0,70.0
20160818,85.0,69.0
20160819,86.0,70.0
20160820,82.0,68.0
20160821,80.0,61.0
20160822,80.0,57.0
20160823,83.0,58.0
20160824,87.0,63.0
20160825,91.0,73.0
20160826,92.0,70.0
20160827,91.0,70.0
20160828,93.0,69.0
20160829,91.0,66.0
20160830,91.0,67.0
20160831,88.0,68.0
20160901,79.0,62.0
20160902,79.0,58.0
20160903,81.0,58.0
20160904,84.0,57.0
20160905,90.0,59.0
20160906,90.0,64.0
20160907,90.0,69.0
20160908,90.0,71.0
20160909,87.0,71.0
20160910,88.0,64.0
20160911,78.0,55.0
20160912,81.0,55.0
20160913,83.0,55.0
20160914,86.0,57.0
20160915,81.0,60.0
20160916,88.0,60.0
20160917,79.0,68.0
20160918,84.0,67.0
20160919,85.0,61.0
20160920,87.0,59.0
20160921,88.0,58.0
20160922,89.0,59.0
20160923,90.0,61.0
20160924,83.0,66.0
20160925,86.0,61.0
20160926,71.0,53.0
20160927,75.0,48.0
20160928,63.0,49.0
20160929,67.0,50.0
20160930,67.0,52.0
20161001,69.0,53.0
20161002,74.0,53.0
20161003,75.0,51.0
20161004,80.0,52.0
20161005,81.0,57.0
20161006,83.0,59.0
20161007,81.0,54.0
20161008,69.0,47.0
20161009,68.0,44.0
20161010,70.0,43.0
20161011,74.0,47.0
20161012,78.0,47.0
20161013,67.0,41.0
20161014,65.0,41.0
20161015,79.0,47.0
20161016,81.0,55.0
20161017,84.0,62.0
20161018,82.0,69.0
20161019,79.0,64.0
20161020,66.0,54.0
20161021,57.0,46.0
20161022,58.0,41.0
20161023,73.0,40.0
20161024,65.0,40.0
20161025,60.0,36.0
20161026,67.0,39.0
20161027,65.0,45.0
20161028,66.0,41.0
20161029,79.0,43.0
20161030,78.0,54.0
20161031,63.0,50.0
20161101,82.0,50.0
20161102,81.0,50.0
20161103,71.0,48.0
20161104,57.0,40.0
20161105,61.0,35.0
20161106,67.0,35.0
20161107,69.0,36.0
20161108,59.0,41.0
20161109,54.0,33.0
20161110,60.0,33.0
20161111,61.0,34.0
20161112,54.0,26.0
20161113,59.0,26.0
20161114,60.0,26.0
20161115,62.0,30.0
20161116,63.0,32.0
20161117,73.0,34.0
20161118,77.0,43.0
20161119,67.0,35.0
20161120,39.0,28.0
20161121,44.0,25.0
20161122,43.0,24.0
20161123,53.0,29.0
20161124,51.0,41.0
20161125,44.0,39.0
20161126,45.0,31.0
20161127,50.0,24.0
20161128,54.0,37.0
20161129,63.0,47.0
20161130,62.0,42.0
20161201,45.0,33.0
20161202,41.0,34.0
20161203,42.0,34.0
20161204,44.0,34.0
20161205,44.0,36.0
20161206,44.0,34.0
20161207,40.0,28.0
20161208,34.0,23.0
20161209,28.0,19.0
20161210,32.0,18.0
20161211,42.0,29.0
20161212,43.0,29.0
20161213,33.0,27.0
20161214,28.0,11.0
20161215,18.0,5.0
20161216,33.0,11.0
20161217,61.0,32.0
20161218,36.0,19.0
20161219,23.0,12.0
20161220,39.0,11.0
20161221,40.0,21.0
20161222,43.0,23.0
20161223,42.0,22.0
20161224,46.0,38.0
20161225,49.0,38.0
20161226,71.0,48.0
20161227,53.0,31.0
20161228,47.0,23.0
20161229,46.0,32.0
20161230,38.0,28.0
20161231,44.5,28.5
20170101,45.0,28.0
20170102,56.0,42.0
20170103,57.0,42.0
20170104,42.0,21.0
20170105,24.0,14.5
20170106,16.0,6.0
20170107,14.0,3.0
20170108,22.0,6.0
20170109,35.5,16.5
20170110,53.0,35.5
20170111,62.0,28.0
20170112,67.0,35.0
20170113,38.0,32.0
20170114,36.0,32.0
20170115,38.0,32.0
20170116,52.0,37.0
20170117,63.0,44.0
20170118,45.0,37.0
20170119,50.0,36.0
20170120,61.5,42.5
20170121,64.0,42.0
20170122,63.0,41.0
20170123,56.5,44.0
20170124,45.5,36.0
20170125,59.0,33.0
20170126,42.0,32.0
20170127,36.0,29.0
20170128,35.0,26.0
20170129,34.0,25.0
20170130,34.0,20.5
20170131,47.0,30.0
20170201,43.5,35.0
20170202,37.5,25.0
20170203,30.5,16.0
20170204,37.0,12.0
20170205,53.0,27.0
20170206,61.0,25.0
20170207,61.0,51.0
20170208,51.0,30.0
20170209,31.0,15.5
20170210,25.7,11.5
20170211,30.3,12.0
20170212,21.3,9.0
20170213,22.1,12.1
20170214,36.1,21.1
20170215,40.8,25.8
20170216,37.2,26.4
20170217,44.4,30.6
20170218,72.6,42.6
20170219,74.3,45.1
20170220,63.3,44.0
20170221,54.2,32.7
20170222,57.8,32.6
20170223,60.8,34.5
20170224,39.3,32.8
20170225,37.6,31.5
20170226,56.0,28.4
20170227,67.2,38.2
20170228,63.5,39.6
20170301,56.3,31.7
20170302,40.7,26.2
20170303,39.0,29.0
20170304,39.3,30.2
20170305,41.1,28.9
20170306,55.4,38.9
20170307,64.4,41.5
20170308,74.6,49.7
20170309,73.1,56.6
20170310,63.2,55.7
20170311,60.2,45.6
20170312,70.1,49.4
20170313,63.9,56.7
20170314,72.2,52.5
20170315,77.6,59.2
20170316,73.1,54.9
20170317,67.0,40.0
20170318,64.8,33.8
20170319,50.3,36.8
20170320,46.5,28.2
20170321,52.6,31.8
20170322,70.2,33.2
20170323,68.1,55.2
20170324,76.2,51.2
20170325,50.6,36.0
20170326,69.2,33.1
20170327,79.5,38.2
20170328,52.9,47.3
20170329,61.4,38.0
20170330,77.9,37.4
20170331,70.3,55.7
20170401,67.2,49.5
20170402,58.9,33.9
20170403,60.8,28.4
20170404,64.2,36.1
20170405,49.2,32.4
20170406,66.2,39.1
20170407,50.5,38.5
20170408,49.2,31.6
20170409,44.3,31.0
20170410,63.5,28.5
20170411,62.3,41.5
20170412,54.6,34.0
20170413,65.1,35.5
20170414,69.6,36.8
20170415,79.2,40.6
20170416,80.0,47.0
20170417,85.8,48.9
20170418,85.6,49.6
20170419,87.6,53.7
20170420,84.6,54.4
20170421,78.9,57.8
20170422,73.5,59.4
20170423,72.6,47.4
20170424,81.3,43.6
20170425,83.4,50.9
20170426,85.8,64.0
20170427,66.0,52.1
20170428,84.5,59.9
20170429,71.9,59.9
20170430,66.2,55.9
20170501,84.1,60.1
20170502,69.0,61.1
20170503,62.3,52.6
20170504,64.5,45.4
20170505,59.8,43.9
20170506,75.8,43.3
20170507,80.4,46.5
20170508,65.3,44.9
20170509,64.0,52.7
20170510,75.6,58.8
20170511,86.0,59.6
20170512,81.2,60.0
20170513,74.0,56.1
20170514,62.4,48.0
20170515,61.6,40.2
20170516,65.8,33.9
20170517,62.1,53.0
20170518,75.3,52.0
20170519,72.7,43.8
20170520,73.2,48.6
20170521,71.9,53.4
20170522,82.3,47.9
20170523,77.5,49.5
20170524,85.7,53.4
20170525,87.2,59.4
20170526,85.4,65.8
20170527,88.1,65.5
20170528,94.4,70.0
20170529,92.8,67.8
20170530,93.9,66.6
20170531,95.6,66.0
20170601,92.5,64.1
20170602,85.9,64.6
20170603,91.7,67.8
20170604,82.9,69.5
20170605,85.6,66.1
20170606,88.1,66.9
20170607,81.9,53.2
20170608,76.8,54.1
20170609,85.2,51.2
20170610,86.9,58.7
20170611,93.4,63.8
20170612,94.2,73.4
20170613,91.9,57.0
20170614,95.2,63.3
20170615,91.5,67.3
20170616,91.0,68.5
20170617,92.7,69.3
20170618,88.2,64.9
20170619,92.2,63.8
20170620,92.6,72.8
20170621,95.1,67.8
20170622,80.7,62.6
20170623,91.2,70.2
20170624,88.3,68.8
20170625,99.0,66.9
20170626,97.5,71.3
20170627,96.0,76.6
20170628,89.6,68.1
20170629,82.1,59.5
20170630,89.0,58.4
20170701,86.2,61.2
20170702,86.8,56.7
20170703,70.7,66.4
20170704,83.4,68.3
20170705,87.8,69.7
20170706,93.1,67.8
20170707,91.5,75.8
20170708,86.7,69.9
20170709,91.0,68.0
20170710,88.8,66.3
20170711,92.0,66.4
20170712,96.0,72.0
20170713,99.0,72.1
20170714,90.1,67.6
20170715,94.0,73.9
20170716,91.5,65.3
20170717,90.0,63.6
20170718,95.6,71.8
20170719,93.8,70.9
20170720,94.7,68.1
20170721,96.9,67.2
20170722,93.4,77.3
20170723,98.5,76.3
20170724,102.2,74.2
20170725,101.3,83.2
20170726,91.4,74.5
20170727,92.4,75.2
20170728,91.6,74.7
20170729,95.3,70.4
20170730,92.3,73.7
20170731,94.7,74.2
20170801,93.2,72.8
20170802,96.7,70.6
20170803,89.0,72.0
20170804,96.8,71.8
20170805,90.7,76.9
20170806,91.1,68.4
20170807,94.4,67.5
20170808,90.3,65.4
20170809,90.5,70.6
20170810,92.3,75.2
20170811,91.1,78.8
20170812,94.9,78.4
20170813,95.2,78.8
20170814,87.3,76.5
20170815,87.8,74.5
20170816,89.5,74.3
20170817,84.0,70.1
20170818,90.5,74.4
20170819,89.8,70.4
20170820,86.4,69.3
20170821,84.6,63.7
20170822,81.1,60.9
20170823,88.8,63.5
20170824,88.5,64.2
20170825,98.2,75.2
20170826,96.3,73.5
20170827,94.5,76.2
20170828,97.1,75.7
20170829,97.2,69.9
20170830,93.5,71.4
20170831,93.0,72.6
20170901,81.0,62.9
20170902,85.0,60.6
20170903,87.2,62.4
20170904,86.9,58.0
20170905,93.2,63.4
20170906,97.0,67.6
20170907,94.9,74.8
20170908,91.8,76.2
20170909,95.2,75.7
20170910,90.2,68.4
20170911,80.1,56.5
20170912,83.8,59.1
20170913,85.1,55.5
20170914,86.6,58.1
20170915,83.4,64.8
20170916,88.4,65.1
20170917,86.7,69.3
20170918,89.8,73.1
20170919,92.5,66.1
20170920,92.7,59.3
20170921,94.8,58.2
20170922,95.3,60.6
20170923,92.3,64.6
20170924,90.3,70.7
20170925,93.5,66.6
20170926,73.7,57.4
20170927,80.5,51.5
20170928,63.9,51.4
20170929,71.7,51.6
20170930,67.6,56.3
20171001,74.3,53.9
20171002,76.1,57.2
20171003,76.2,54.0
20171004,81.9,56.1
20171005,82.9,58.7
20171006,83.6,61.2
20171007,86.2,59.4
20171008,70.2,47.3
20171009,69.2,45.9
20171010,74.5,45.7
20171011,75.2,50.9
20171012,80.1,49.7
20171013,72.4,41.5
20171014,66.1,43.7
20171015,79.6,48.3
20171016,88.6,55.0
20171017,84.4,67.2
20171018,88.2,70.2
20171019,85.5,66.3
20171020,68.7,59.0
20171021,61.1,50.2
20171022,61.0,43.4
20171023,74.1,40.2
20171024,70.8,43.4
20171025,61.4,37.6
20171026,68.7,39.5
20171027,65.9,48.7
20171028,70.0,44.4
20171029,82.9,43.9
20171030,78.6,54.4
20171031,63.6,54.5
20171101,85.1,52.6
20171102,87.6,52.4
20171103,71.9,48.1
20171104,62.0,41.9
20171105,65.1,36.0
20171106,68.4,35.7
20171107,70.6,37.6
20171108,63.1,44.7
20171109,59.4,33.3
20171110,63.5,33.3
20171111,63.4,35.6
20171112,56.0,27.8
20171113,59.2,28.0
20171114,65.9,26.1
20171115,66.6,31.1
20171116,65.2,34.6
20171117,74.6,34.4
20171118,77.5,43.6
20171119,68.0,36.2
20171120,39.1,28.6
20171121,46.6,25.4
20171122,46.7,25.3
20171123,55.7,31.8
20171124,55.5,43.0
20171125,46.7,42.6
20171126,46.3,32.2
20171127,51.2,25.8
20171128,57.9,40.2
20171129,65.0,50.9
20171130,65.1,42.8
20171201,45.1,34.8
20171202,41.3,37.0
20171203,42.7,35.2
20171204,47.7,36.6
20171205,46.1,37.5
20171206,44.6,34.4
20171207,41.3,28.7
20171208,34.1,25.0
20171209,28.9,19.1
20171210,34.9,18.8
20171211,43.4,31.3
20171212,47.2,29.8
20171213,36.3,29.2
20171214,29.6,11.9
20171215,18.3,5.5
20171216,33.7,11.4
20171217,61.0,34.1
20171218,38.3,19.1
20171219,24.9,12.3
20171220,40.9,11.6
20171221,40.2,21.3
20171222,45.5,23.5
20171223,43.0,24.1
20171224,49.1,38.5
20171225,52.5,38.3
20171226,74.4,51.4
20171227,53.1,31.8
20171228,49.1,24.2
20171229,48.5,34.7
20171230,38.3,29.0
20171231,48.7,29.0
20180101,49.3,28.3
20180102,58.0,44.3
20180103,58.4,42.8
20180104,45.0,21.8
20180105,25.4,15.9
20180106,16.0,6.1
20180107,15.1,3.2
20180108,24.0,6.4
20180109,36.7,16.5
20180110,55.1,38.6
20180111,66.9,30.1
20180112,70.7,35.0
20180113,38.8,34.2
20180114,39.6,33.8
20180115,40.4,32.9
20180116,53.9,37.5
20180117,63.6,45.5
20180118,46.0,39.6
20180119,53.2,37.4
20180120,63.5,44.8
20180121,70.2,45.0
20180122,69.2,43.6
20180123,60.7,45.3
20180124,47.9,38.0
20180125,60.0,34.2
20180126,44.9,33.5
20180127,38.8,31.1
20180128,35.2,28.0
20180129,36.3,26.8
20180130,36.2,21.5
20180131,51.2,31.1
20180201,45.5,35.5
20180202,39.1,26.5
20180203,32.2,17.0
20180204,39.1,12.3
20180205,55.2,28.4
20180206,63.9,25.4
20180207,61.2,55.3
20180208,55.6,31.9
20180209,33.7,16.2
20180210,27.3,12.6
20180211,30.5,12.2
20180212,22.5,9.6
20180213,23.8,12.9
20180214,39.1,22.9
20180215,41.6,26.7
